{
    "now": "2022-09-30T00:37:48.160Z",
    "perfNow": 4926450.599999994,
    "diagnosticCorrelation": "ee249dee-3f5a-4f2b-a914-f7be0246c796",
    "source": "DownloadSupportFiles",
    "environment": {
        "productName": "a365",
        "buildVersion": "22.0926.04",
        "environmentType": 9,
        "resourceName": "sbsyn",
        "resourceRegion": "eastus",
        "resourceGroup": "newgroup",
        "subscriptionId": "2b8ab995-c8aa-4ef9-9881-fdef4e329e50",
        "sessionId": "pmmjT",
        "operationId": "ts+ZD",
        "gitType": "live"
    },
    "additionalInfo": {
        "selectedResource": "spark_pool_gold_data_pipe",
        "selectedResourceType": "pipeline"
    }
}