{
    "now": "2022-09-30T00:37:37.354Z",
    "perfNow": 4915644.899999976,
    "diagnosticCorrelation": "84602049-54b0-4ad7-9ef4-54c762bceccc",
    "source": "DownloadSupportFiles",
    "environment": {
        "productName": "a365",
        "buildVersion": "22.0926.04",
        "environmentType": 9,
        "resourceName": "sbsyn",
        "resourceRegion": "eastus",
        "resourceGroup": "newgroup",
        "subscriptionId": "2b8ab995-c8aa-4ef9-9881-fdef4e329e50",
        "sessionId": "pmmjT",
        "operationId": "ts+ZD",
        "gitType": "live"
    },
    "additionalInfo": {
        "selectedResource": "Master_PipeLine",
        "selectedResourceType": "pipeline"
    }
}