{
    "name": "spark_pool_gold_data_pipe",
    "properties": {
        "activities": [
            {
                "name": "spark_poll_notebook",
                "type": "SynapseNotebook",
                "dependsOn": [],
                "policy": {
                    "timeout": "0.12:00:00",
                    "retry": 0,
                    "retryIntervalInSeconds": 30,
                    "secureOutput": false,
                    "secureInput": false
                },
                "userProperties": [],
                "typeProperties": {
                    "notebook": {
                        "referenceName": "1_spark_create_gold_trip_data_green_agg",
                        "type": "NotebookReference"
                    },
                    "snapshot": true,
                    "sparkPool": {
                        "referenceName": "sparkpool",
                        "type": "BigDataPoolReference"
                    },
                    "executorSize": null,
                    "driverSize": null
                }
            }
        ],
        "annotations": []
    }
}