{
    "name": "AzureSynapseAnalytics1",
    "type": "Microsoft.Synapse/workspaces/linkedservices",
    "properties": {
        "annotations": [],
        "type": "AzureSqlDW",
        "typeProperties": {
            "connectionString": "Integrated Security=False;Encrypt=True;Connection Timeout=30;Data Source=tcp:sbsyn-ondemand.sql.azuresynapse.net,1433;Initial Catalog=nyc_taxi_db"
        },
        "connectVia": {
            "referenceName": "AutoResolveIntegrationRuntime",
            "type": "IntegrationRuntimeReference"
        }
    }
}