{
    "name": "Master_PipeLine",
    "properties": {
        "activities": [
            {
                "name": "Execute all silver external tables",
                "type": "ExecutePipeline",
                "dependsOn": [],
                "userProperties": [],
                "typeProperties": {
                    "pipeline": {
                        "referenceName": "create_silver_tables_pipe_line",
                        "type": "PipelineReference"
                    },
                    "waitOnCompletion": true
                }
            },
            {
                "name": "Execute create vw trip_data_green silver",
                "type": "ExecutePipeline",
                "dependsOn": [],
                "userProperties": [],
                "typeProperties": {
                    "pipeline": {
                        "referenceName": "silver_trip_data_pipeline",
                        "type": "PipelineReference"
                    },
                    "waitOnCompletion": true
                }
            },
            {
                "name": "Execute Create Gold Tip data vw",
                "type": "ExecutePipeline",
                "dependsOn": [
                    {
                        "activity": "Execute all silver external tables",
                        "dependencyConditions": [
                            "Succeeded"
                        ]
                    },
                    {
                        "activity": "Execute create vw trip_data_green silver",
                        "dependencyConditions": [
                            "Succeeded"
                        ]
                    }
                ],
                "userProperties": [],
                "typeProperties": {
                    "pipeline": {
                        "referenceName": "gold_trip_data_pipeline",
                        "type": "PipelineReference"
                    },
                    "waitOnCompletion": true
                }
            }
        ],
        "annotations": []
    }
}