{
    "name": "silver_trip_data_pipeline",
    "properties": {
        "activities": [
            {
                "name": "get year and month",
                "type": "Script",
                "dependsOn": [],
                "policy": {
                    "timeout": "0.12:00:00",
                    "retry": 0,
                    "retryIntervalInSeconds": 30,
                    "secureOutput": false,
                    "secureInput": false
                },
                "userProperties": [],
                "linkedServiceName": {
                    "referenceName": "AzureSynapseAnalytics1",
                    "type": "LinkedServiceReference"
                },
                "typeProperties": {
                    "scripts": [
                        {
                            "type": "Query",
                            "text": "select DISTINCT year,month\nfrom Bronze.vw_trip_data_green_csv"
                        }
                    ]
                }
            },
            {
                "name": "ForEach1",
                "type": "ForEach",
                "dependsOn": [
                    {
                        "activity": "get year and month",
                        "dependencyConditions": [
                            "Succeeded"
                        ]
                    }
                ],
                "userProperties": [],
                "typeProperties": {
                    "items": {
                        "value": "@activity('get year and month').output.resultSets[0].Rows",
                        "type": "Expression"
                    },
                    "activities": [
                        {
                            "name": "Delete1",
                            "type": "Delete",
                            "dependsOn": [],
                            "policy": {
                                "timeout": "0.12:00:00",
                                "retry": 0,
                                "retryIntervalInSeconds": 30,
                                "secureOutput": false,
                                "secureInput": false
                            },
                            "userProperties": [],
                            "typeProperties": {
                                "dataset": {
                                    "referenceName": "Parquet1",
                                    "type": "DatasetReference",
                                    "parameters": {
                                        "p_file_path": {
                                            "value": "Silver/trip_data_green/year=@{item().year}/month=@{item().month}",
                                            "type": "Expression"
                                        }
                                    }
                                },
                                "enableLogging": false,
                                "storeSettings": {
                                    "type": "AzureBlobFSReadSettings",
                                    "recursive": true,
                                    "enablePartitionDiscovery": false
                                }
                            }
                        },
                        {
                            "name": "Stored procedure1",
                            "type": "SqlServerStoredProcedure",
                            "dependsOn": [
                                {
                                    "activity": "Delete1",
                                    "dependencyConditions": [
                                        "Succeeded"
                                    ]
                                }
                            ],
                            "policy": {
                                "timeout": "0.12:00:00",
                                "retry": 0,
                                "retryIntervalInSeconds": 30,
                                "secureOutput": false,
                                "secureInput": false
                            },
                            "userProperties": [],
                            "typeProperties": {
                                "storedProcedureName": "[Silver].[partion_procedure]",
                                "storedProcedureParameters": {
                                    "month": {
                                        "value": {
                                            "value": "@item().month",
                                            "type": "Expression"
                                        },
                                        "type": "String"
                                    },
                                    "year": {
                                        "value": {
                                            "value": "@item().year",
                                            "type": "Expression"
                                        },
                                        "type": "String"
                                    }
                                }
                            },
                            "linkedServiceName": {
                                "referenceName": "AzureSynapseAnalytics1",
                                "type": "LinkedServiceReference"
                            }
                        }
                    ]
                }
            },
            {
                "name": "create silver trip_data vw",
                "type": "Script",
                "dependsOn": [
                    {
                        "activity": "ForEach1",
                        "dependencyConditions": [
                            "Succeeded"
                        ]
                    }
                ],
                "policy": {
                    "timeout": "0.12:00:00",
                    "retry": 0,
                    "retryIntervalInSeconds": 30,
                    "secureOutput": false,
                    "secureInput": false
                },
                "userProperties": [],
                "linkedServiceName": {
                    "referenceName": "AzureSynapseAnalytics1",
                    "type": "LinkedServiceReference"
                },
                "typeProperties": {
                    "scripts": [
                        {
                            "type": "NonQuery",
                            "text": "use nyc_taxi_db;"
                        },
                        {
                            "type": "NonQuery",
                            "text": "drop view if EXISTS  Silver.vw_trip_data_green;"
                        },
                        {
                            "type": "NonQuery",
                            "text": "create view Silver.vw_trip_data_green\nAS\nselect \nresult.filepath(1) as year,\nresult.filepath(2) as month,\nresult.*\nFROM\n    OPENROWSET(\n        BULK 'Silver/trip_data_green/year=*/month=*/*.parquet',\n        data_source='nyc_taxi_ds',\n        FORMAT = 'PARQUET'\n    ) WITH\n    (\n         vendor_id INT,\n    lpep_pickup_datetime DATETIME2(7),\n    lpep_dropoff_datetime DATETIME2(7),\n    store_and_fwd_flag CHAR(1),\n    ratecode_id INT,\n    pulocation_id INT,\n    dolocation_id INT,\n    passenger_count INT,\n    trip_distance FLOAT,\n    fare_amount FLOAT,\n    extra FLOAT,\n    mta_tax FLOAT,\n    tip_amount FLOAT,\n    tolls_amount FLOAT,\n    ehail_fee INT,\n    improvement_surcharge FLOAT,\n    total_amount FLOAT,\n    payment_type INT,\n    trip_type INT,\n    congestion_surcharge FLOAT\n    )\n    AS [result];"
                        }
                    ]
                }
            }
        ],
        "annotations": [],
        "lastPublishTime": "2022-09-29T01:16:14Z"
    },
    "type": "Microsoft.Synapse/workspaces/pipelines"
}