{
    "now": "2022-09-29T06:17:51.519Z",
    "perfNow": 5698142.399999991,
    "diagnosticCorrelation": "d2a86547-1266-4898-8902-028afd9917ca",
    "source": "DownloadSupportFiles",
    "environment": {
        "productName": "a365",
        "buildVersion": "22.0926.04",
        "environmentType": 9,
        "resourceName": "sbsyn",
        "resourceRegion": "eastus",
        "resourceGroup": "newgroup",
        "subscriptionId": "2b8ab995-c8aa-4ef9-9881-fdef4e329e50",
        "sessionId": "/Ty5h",
        "operationId": "Sz9fT",
        "gitType": "live"
    },
    "additionalInfo": {
        "selectedResource": "create_silver_tables_pipe_line",
        "selectedResourceType": "pipeline"
    }
}