{
    "name": "Parquet1",
    "properties": {
        "linkedServiceName": {
            "referenceName": "AzureDataLakeStorage2",
            "type": "LinkedServiceReference"
        },
        "parameters": {
            "p_file_path": {
                "type": "string",
                "defaultValue": "Silver/taxi_zone"
            }
        },
        "annotations": [],
        "type": "Parquet",
        "typeProperties": {
            "location": {
                "type": "AzureBlobFSLocation",
                "folderPath": {
                    "value": "@dataset().p_file_path",
                    "type": "Expression"
                },
                "fileSystem": "nyctaxi"
            },
            "compressionCodec": "snappy"
        },
        "schema": [
            {
                "name": "LocationID",
                "type": "INT_16"
            },
            {
                "name": "Borough",
                "type": "UTF8"
            },
            {
                "name": "Zone",
                "type": "UTF8"
            },
            {
                "name": "service_zone",
                "type": "UTF8"
            }
        ]
    },
    "type": "Microsoft.Synapse/workspaces/datasets"
}