{
    "name": "create_silver_tables_pipe_line",
    "properties": {
        "activities": [
            {
                "name": "ForEach1",
                "type": "ForEach",
                "dependsOn": [],
                "userProperties": [],
                "typeProperties": {
                    "items": {
                        "value": "@variables('allSP')",
                        "type": "Expression"
                    },
                    "activities": [
                        {
                            "name": "Delete-existing-Silver",
                            "type": "Delete",
                            "dependsOn": [],
                            "policy": {
                                "timeout": "0.12:00:00",
                                "retry": 0,
                                "retryIntervalInSeconds": 30,
                                "secureOutput": false,
                                "secureInput": false
                            },
                            "userProperties": [],
                            "typeProperties": {
                                "dataset": {
                                    "referenceName": "Parquet1",
                                    "type": "DatasetReference",
                                    "parameters": {
                                        "p_file_path": {
                                            "value": "@item().folder_path",
                                            "type": "Expression"
                                        }
                                    }
                                },
                                "enableLogging": false,
                                "storeSettings": {
                                    "type": "AzureBlobFSReadSettings",
                                    "recursive": true,
                                    "enablePartitionDiscovery": false
                                }
                            }
                        },
                        {
                            "name": "Silver_procedure_for_all",
                            "type": "SqlServerStoredProcedure",
                            "dependsOn": [
                                {
                                    "activity": "Delete-existing-Silver",
                                    "dependencyConditions": [
                                        "Succeeded"
                                    ]
                                }
                            ],
                            "policy": {
                                "timeout": "0.12:00:00",
                                "retry": 0,
                                "retryIntervalInSeconds": 30,
                                "secureOutput": false,
                                "secureInput": false
                            },
                            "userProperties": [],
                            "typeProperties": {
                                "storedProcedureName": {
                                    "value": "@item().usp_name",
                                    "type": "Expression"
                                }
                            },
                            "linkedServiceName": {
                                "referenceName": "AzureSynapseAnalytics1",
                                "type": "LinkedServiceReference"
                            }
                        }
                    ]
                }
            }
        ],
        "variables": {
            "allSP": {
                "type": "Array",
                "defaultValue": [
                    {
                        "folder_path": "Silver/calendar",
                        "usp_name": "Silver.usp_silver_calendar"
                    },
                    {
                        "folder_path": "Silver/taxi_zone",
                        "usp_name": "Silver.usp_silver_taxi_zone"
                    },
                    {
                        "folder_path": "Silver/trip_type",
                        "usp_name": "Silver.usp_silver_trip_type"
                    },
                    {
                        "folder_path": "Silver/vendor",
                        "usp_name": "Silver.usp_silver_vendor"
                    },
                    {
                        "folder_path": "Silver/rate_code",
                        "usp_name": "Silver.usp_silver_rate_code"
                    },
                    {
                        "folder_path": "Silver/payment_type",
                        "usp_name": "Silver.usp_silver_payment_type"
                    }
                ]
            }
        },
        "annotations": [],
        "lastPublishTime": "2022-09-29T05:23:55Z"
    },
    "type": "Microsoft.Synapse/workspaces/pipelines"
}