{
    "now": "2022-09-29T06:19:36.750Z",
    "perfNow": 5803372.799999997,
    "diagnosticCorrelation": "5eb86e13-b4e7-4d26-960d-72b8c0c08e36",
    "source": "DownloadSupportFiles",
    "environment": {
        "productName": "a365",
        "buildVersion": "22.0926.04",
        "environmentType": 9,
        "resourceName": "sbsyn",
        "resourceRegion": "eastus",
        "resourceGroup": "newgroup",
        "subscriptionId": "2b8ab995-c8aa-4ef9-9881-fdef4e329e50",
        "sessionId": "/Ty5h",
        "operationId": "Sz9fT",
        "gitType": "live"
    },
    "additionalInfo": {
        "selectedResource": "Master_PipeLine",
        "selectedResourceType": "pipeline"
    }
}