{
    "now": "2022-09-29T06:19:32.542Z",
    "perfNow": 5799164.599999994,
    "diagnosticCorrelation": "36e94489-cb28-4a36-a62c-f23929118d4b",
    "source": "DownloadSupportFiles",
    "environment": {
        "productName": "a365",
        "buildVersion": "22.0926.04",
        "environmentType": 9,
        "resourceName": "sbsyn",
        "resourceRegion": "eastus",
        "resourceGroup": "newgroup",
        "subscriptionId": "2b8ab995-c8aa-4ef9-9881-fdef4e329e50",
        "sessionId": "/Ty5h",
        "operationId": "Sz9fT",
        "gitType": "live"
    },
    "additionalInfo": {
        "selectedResource": "gold_trip_data_pipeline",
        "selectedResourceType": "pipeline"
    }
}