{
    "name": "gold_trip_data_pipeline",
    "properties": {
        "activities": [
            {
                "name": "get year month",
                "type": "Script",
                "dependsOn": [],
                "policy": {
                    "timeout": "0.12:00:00",
                    "retry": 0,
                    "retryIntervalInSeconds": 30,
                    "secureOutput": false,
                    "secureInput": false
                },
                "userProperties": [],
                "linkedServiceName": {
                    "referenceName": "AzureSynapseAnalytics1",
                    "type": "LinkedServiceReference"
                },
                "typeProperties": {
                    "scripts": [
                        {
                            "type": "Query",
                            "text": "select DISTINCT year,month\nfrom Silver.vw_trip_data_green"
                        }
                    ]
                }
            },
            {
                "name": "create gold view",
                "type": "Script",
                "dependsOn": [
                    {
                        "activity": "ForEach1",
                        "dependencyConditions": [
                            "Succeeded"
                        ]
                    }
                ],
                "policy": {
                    "timeout": "0.12:00:00",
                    "retry": 0,
                    "retryIntervalInSeconds": 30,
                    "secureOutput": false,
                    "secureInput": false
                },
                "userProperties": [],
                "linkedServiceName": {
                    "referenceName": "AzureSynapseAnalytics1",
                    "type": "LinkedServiceReference"
                },
                "typeProperties": {
                    "scripts": [
                        {
                            "type": "NonQuery",
                            "text": "use nyc_taxi_db;"
                        },
                        {
                            "type": "NonQuery",
                            "text": "drop view if EXISTS  Gold.vw_trip_data_green;\n"
                        },
                        {
                            "type": "NonQuery",
                            "text": "create view Gold.vw_trip_data_green\nAS\nselect \nresult.filepath(1) as year,\nresult.filepath(2) as month,\nresult.*\nFROM\n    OPENROWSET(\n        BULK 'Gold/trip_data_green/year=*/month=*/*.parquet',\n        data_source='nyc_taxi_ds',\n        FORMAT = 'PARQUET'\n    ) WITH\n    (\n         Borough VARCHAR(20),\n         trip_date DATE,\n         trip_day VARCHAR(20),\n         trip_weekend_day_ind CHAR(1),\n         card_trip_count INT,\n         cash_trip_count INT\n\n    )\n    AS [result];"
                        }
                    ]
                }
            },
            {
                "name": "ForEach1",
                "type": "ForEach",
                "dependsOn": [
                    {
                        "activity": "get year month",
                        "dependencyConditions": [
                            "Succeeded"
                        ]
                    }
                ],
                "userProperties": [],
                "typeProperties": {
                    "items": {
                        "value": "@activity('get year month').output.resultSets[0].Rows",
                        "type": "Expression"
                    },
                    "activities": [
                        {
                            "name": "Delete1",
                            "type": "Delete",
                            "dependsOn": [],
                            "policy": {
                                "timeout": "0.12:00:00",
                                "retry": 0,
                                "retryIntervalInSeconds": 30,
                                "secureOutput": false,
                                "secureInput": false
                            },
                            "userProperties": [],
                            "typeProperties": {
                                "dataset": {
                                    "referenceName": "Parquet1",
                                    "type": "DatasetReference",
                                    "parameters": {
                                        "p_file_path": {
                                            "value": "Gold/trip_data_green/year=@{item().year}/month=@{item().month}",
                                            "type": "Expression"
                                        }
                                    }
                                },
                                "enableLogging": false,
                                "storeSettings": {
                                    "type": "AzureBlobFSReadSettings",
                                    "recursive": true,
                                    "enablePartitionDiscovery": false
                                }
                            }
                        },
                        {
                            "name": "create parquet",
                            "type": "SqlServerStoredProcedure",
                            "dependsOn": [
                                {
                                    "activity": "Delete1",
                                    "dependencyConditions": [
                                        "Succeeded"
                                    ]
                                }
                            ],
                            "policy": {
                                "timeout": "0.12:00:00",
                                "retry": 0,
                                "retryIntervalInSeconds": 30,
                                "secureOutput": false,
                                "secureInput": false
                            },
                            "userProperties": [],
                            "typeProperties": {
                                "storedProcedureName": "[Gold].[gold_procedure]",
                                "storedProcedureParameters": {
                                    "month": {
                                        "value": {
                                            "value": "@item().month",
                                            "type": "Expression"
                                        },
                                        "type": "String"
                                    },
                                    "year": {
                                        "value": {
                                            "value": "@item().year",
                                            "type": "Expression"
                                        },
                                        "type": "String"
                                    }
                                }
                            },
                            "linkedServiceName": {
                                "referenceName": "AzureSynapseAnalytics1",
                                "type": "LinkedServiceReference"
                            }
                        }
                    ]
                }
            }
        ],
        "annotations": []
    }
}